Lorraine551 Lorraine551@gmail.com,Denise845 Denise845@gmail.com,Lorraine182 Lorraine182@gmail.com,Denise617 Denise617@gmail.com,Annette561 Annette561@gmail.com,Ann270 Ann270@gmail.com,Jane577 Jane577@gmail.com,Yvonne520 Yvonne520@gmail.com,Lesley211 Lesley211@gmail.com,Glenda214 Glenda214@gmail.com,Marie160 Marie160@gmail.com,Jacqueline676 Jacqueline676@gmail.com,Gail993 Gail993@gmail.com,Kathryn358 Kathryn358@gmail.com,Jillian262 Jillian262@gmail.com,Colleen742 Colleen742@gmail.com,Sheryl385 Sheryl385@gmail.com,Joanne550 Joanne550@gmail.com,Beverley502 Beverley502@gmail.com,Maureen527 Maureen527@gmail.com,Cheryl953 Cheryl953@gmail.com,Lynda948 Lynda948@gmail.com,Maria893 Maria893@gmail.com,Brenda974 Brenda974@gmail.com,Vicki291 Vicki291@gmail.com,Marilyn323 Marilyn323@gmail.com,Gillian566 Gillian566@gmail.com,Kay254 Kay254@gmail.com,Joy420 Joy420@gmail.com,Jan951 Jan951@gmail.com,Donna817 Donna817@gmail.com,Marion828 Marion828@gmail.com,Frances360 Frances360@gmail.com,Sally258 Sally258@gmail.com,Jeanette528 Jeanette528@gmail.com,Angela583 Angela583@gmail.com,Debra901 Debra901@gmail.com,Maree920 Maree920@gmail.com,Carolyn218 Carolyn218@gmail.com,Vivienne475 Vivienne475@gmail.com,Lynne509 Lynne509@gmail.com,Dorothy721 Dorothy721@gmail.com,Ruth305 Ruth305@gmail.com,Louise354 Louise354@gmail.com,Valerie913 Valerie913@gmail.com,Anna955 Anna955@gmail.com,Penelope121 Penelope121@gmail.com,Jocelyn555 Jocelyn555@gmail.com,Shona112 Shona112@gmail.com,Adrienne789 Adrienne789@gmail.com,Jill604 Jill604@gmail.com,Diana932 Diana932@gmail.com,Philippa521 Philippa521@gmail.com,Victoria912 Victoria912@gmail.com,Rhonda673 Rhonda673@gmail.com,Stephanie417 Stephanie417@gmail.com,Glenys786 Glenys786@gmail.com,Joan184 Joan184@gmail.com,Josephine952 Josephine952@gmail.com,Kerry333 Kerry333@gmail.com,Katherine717 Katherine717@gmail.com,Dawn943 Dawn943@gmail.com,Bronwyn814 Bronwyn814@gmail.com,Elaine590 Elaine590@gmail.com,Paula589 Paula589@gmail.com,Christina827 Christina827@gmail.com,Lois755 Lois755@gmail.com,Karen820 Karen820@gmail.com,Susan914 Susan914@gmail.com,Christine199 Christine199@gmail.com,Jennifer829 Jennifer829@gmail.com,Margaret239 Margaret239@gmail.com,Judith684 Judith684@gmail.com,Linda594 Linda594@gmail.com,Robyn666 Robyn666@gmail.com,Elizabeth735 Elizabeth735@gmail.com,Wendy333 Wendy333@gmail.com,Patricia141 Patricia141@gmail.com,Sandra423 Sandra423@gmail.com,Mary880 Mary880@gmail.com,Helen501 Helen501@gmail.com,Deborah787 Deborah787@gmail.com,Anne116 Anne116@gmail.com,Barbara412 Barbara412@gmail.com,Heather292 Heather292@gmail.com,Carol943 Carol943@gmail.com,Lynette689 Lynette689@gmail.com,Diane300 Diane300@gmail.com,Pamela842 Pamela842@gmail.com,Sharon895 Sharon895@gmail.com,Suzanne206 Suzanne206@gmail.com,Catherine386 Catherine386@gmail.com,Julie445 Julie445@gmail.com,Raewyn458 Raewyn458@gmail.com,Jane260 Jane260@gmail.com,Janet333 Janet333@gmail.com,Shirley348 Shirley348@gmail.com,Janice769 Janice769@gmail.com,Denise567 Denise567@gmail.com,Pauline340 Pauline340@gmail.com,Dianne838 Dianne838@gmail.com,Joanne650 Joanne650@gmail.com,Alison179 Alison179@gmail.com,Rosemary757 Rosemary757@gmail.com,Lorraine463 Lorraine463@gmail.com,Gail176 Gail176@gmail.com,Annette312 Annette312@gmail.com,Kathleen796 Kathleen796@gmail.com,Vicki176 Vicki176@gmail.com,Donna163 Donna163@gmail.com,Marie617 Marie617@gmail.com,Debra716 Debra716@gmail.com,Carolyn880 Carolyn880@gmail.com,Yvonne994 Yvonne994@gmail.com,Jacqueline508 Jacqueline508@gmail.com,Lynda599 Lynda599@gmail.com,Maureen595 Maureen595@gmail.com,Kathryn181 Kathryn181@gmail.com,Sheryl545 Sheryl545@gmail.com,Ann818 Ann818@gmail.com,Colleen313 Colleen313@gmail.com,Maria508 Maria508@gmail.com,Jillian738 Jillian738@gmail.com,Brenda686 Brenda686@gmail.com,Jan516 Jan516@gmail.com,Fiona947 Fiona947@gmail.com,Lesley256 Lesley256@gmail.com,Beverley828 Beverley828@gmail.com,Angela950 Angela950@gmail.com,Cheryl708 Cheryl708@gmail.com,Glenda885 Glenda885@gmail.com,Sally950 Sally950@gmail.com,Kerry536 Kerry536@gmail.com,Gillian273 Gillian273@gmail.com,Kay168 Kay168@gmail.com,Maree359 Maree359@gmail.com,Shona798 Shona798@gmail.com,Frances306 Frances306@gmail.com,Ruth893 Ruth893@gmail.com,Louise417 Louise417@gmail.com,Glenys703 Glenys703@gmail.com,Diana868 Diana868@gmail.com,Penelope893 Penelope893@gmail.com,Michelle235 Michelle235@gmail.com,Bronwyn337 Bronwyn337@gmail.com,Valerie668 Valerie668@gmail.com,Christina402 Christina402@gmail.com,Lynne765 Lynne765@gmail.com,Marilyn768 Marilyn768@gmail.com,Josephine476 Josephine476@gmail.com,Teresa156 Teresa156@gmail.com,Jocelyn455 Jocelyn455@gmail.com,Caroline803 Caroline803@gmail.com,Joy457 Joy457@gmail.com,Elaine512 Elaine512@gmail.com,Jeanette765 Jeanette765@gmail.com,Andrea930 Andrea930@gmail.com,Lois730 Lois730@gmail.com,Jill606 Jill606@gmail.com,Anna700 Anna700@gmail.com,Marion280 Marion280@gmail.com,Dorothy510 Dorothy510@gmail.com,Vivienne388 Vivienne388@gmail.com,Nicola963 Nicola963@gmail.com,Paula483 Paula483@gmail.com,Janette379 Janette379@gmail.com,Adrienne205 Adrienne205@gmail.com,Charlotte835 Charlotte835@gmail.com,Harper272 Harper272@gmail.com,Isla845 Isla845@gmail.com,Olivia360 Olivia360@gmail.com,Ava859 Ava859@gmail.com,Amelia887 Amelia887@gmail.com,Mia940 Mia940@gmail.com,Mila777 Mila777@gmail.com,Sophie552 Sophie552@gmail.com,Emily617 Emily617@gmail.com,Isabella248 Isabella248@gmail.com,Ella444 Ella444@gmail.com,Lucy737 Lucy737@gmail.com,Ruby308 Ruby308@gmail.com,Lily411 Lily411@gmail.com,Chloe877 Chloe877@gmail.com,Zoe480 Zoe480@gmail.com,Emma485 Emma485@gmail.com,Grace767 Grace767@gmail.com,Aria922 Aria922@gmail.com,Willow724 Willow724@gmail.com,Georgia852 Georgia852@gmail.com,Sophia643 Sophia643@gmail.com,Evelyn177 Evelyn177@gmail.com,Hazel207 Hazel207@gmail.com,Eva283 Eva283@gmail.com,Scarlett199 Scarlett199@gmail.com,Ivy800 Ivy800@gmail.com,Indie168 Indie168@gmail.com,Madison794 Madison794@gmail.com,Isabelle573 Isabelle573@gmail.com,Alice560 Alice560@gmail.com,Matilda382 Matilda382@gmail.com,Mackenzie170 Mackenzie170@gmail.com,Evie726 Evie726@gmail.com,Thea503 Thea503@gmail.com,Zara853 Zara853@gmail.com,Hannah327 Hannah327@gmail.com,Stella192 Stella192@gmail.com,Layla834 Layla834@gmail.com,Ayla990 Ayla990@gmail.com,Sienna307 Sienna307@gmail.com,Paige997 Paige997@gmail.com,Maddison898 Maddison898@gmail.com,Millie710 Millie710@gmail.com,Bella782 Bella782@gmail.com,Poppy358 Poppy358@gmail.com,Frankie847 Frankie847@gmail.com,Riley433 Riley433@gmail.com,Maia827 Maia827@gmail.com,Florence811 Florence811@gmail.com,Piper131 Piper131@gmail.com,Phoebe495 Phoebe495@gmail.com,Abigail358 Abigail358@gmail.com,Eden443 Eden443@gmail.com,Freya831 Freya831@gmail.com,Addison172 Addison172@gmail.com,Ellie243 Ellie243@gmail.com,Quinn347 Quinn347@gmail.com,Olive227 Olive227@gmail.com,Sofia965 Sofia965@gmail.com,Violet729 Violet729@gmail.com,Lilly251 Lilly251@gmail.com,Sadie432 Sadie432@gmail.com,Pippa152 Pippa152@gmail.com,Penelope213 Penelope213@gmail.com,Aurora790 Aurora790@gmail.com,Jasmine815 Jasmine815@gmail.com,Aaliyah279 Aaliyah279@gmail.com,Peyton373 Peyton373@gmail.com,Victoria885 Victoria885@gmail.com,Summer928 Summer928@gmail.com,Zoey394 Zoey394@gmail.com,Luna177 Luna177@gmail.com,Charlie880 Charlie880@gmail.com,Rose296 Rose296@gmail.com,Leah730 Leah730@gmail.com,Keira694 Keira694@gmail.com,Eleanor504 Eleanor504@gmail.com,Anna931 Anna931@gmail.com,Jessica885 Jessica885@gmail.com,Emilia906 Emilia906@gmail.com,Elizabeth572 Elizabeth572@gmail.com,Harriet821 Harriet821@gmail.com,Molly308 Molly308@gmail.com,Heidi443 Heidi443@gmail.com,Amaia317 Amaia317@gmail.com,Nina896 Nina896@gmail.com,Amber176 Amber176@gmail.com,Annabelle278 Annabelle278@gmail.com,Maya969 Maya969@gmail.com,Lola874 Lola874@gmail.com,Brooklyn680 Brooklyn680@gmail.com,Sarah416 Sarah416@gmail.com,Arabella538 Arabella538@gmail.com,Margaret918 Margaret918@gmail.com,Judith583 Judith583@gmail.com,Jennifer306 Jennifer306@gmail.com,Mary526 Mary526@gmail.com,Elizabeth710 Elizabeth710@gmail.com,Patricia948 Patricia948@gmail.com,Linda465 Linda465@gmail.com,Barbara636 Barbara636@gmail.com,Lynette257 Lynette257@gmail.com,Robyn189 Robyn189@gmail.com,Anne936 Anne936@gmail.com,Karen151 Karen151@gmail.com,Helen729 Helen729@gmail.com,Diane110 Diane110@gmail.com,Sandra154 Sandra154@gmail.com,Wendy802 Wendy802@gmail.com,Janet686 Janet686@gmail.com,Heather352 Heather352@gmail.com,Pamela136 Pamela136@gmail.com,Carol909 Carol909@gmail.com,Janice122 Janice122@gmail.com,Julie159 Julie159@gmail.com,Suzanne717 Suzanne717@gmail.com,Lorraine107 Lorraine107@gmail.com,Dianne425 Dianne425@gmail.com,Marilyn748 Marilyn748@gmail.com,